{
    "config": "configs/voc_segmenter.py",
    "metric": {
        "aAcc": 0.8872,
        "mIoU": 0.6324000000000001,
        "mAcc": 0.818,
        "IoU.background": 0.8708999633789063,
        "IoU.aeroplane": 0.47810001373291017,
        "IoU.bicycle": 0.3566999816894531,
        "IoU.bird": 0.6533000183105468,
        "IoU.boat": 0.6261000061035156,
        "IoU.bottle": 0.574900016784668,
        "IoU.bus": 0.8784999847412109,
        "IoU.car": 0.805199966430664,
        "IoU.cat": 0.7266999816894532,
        "IoU.chair": 0.37470001220703125,
        "IoU.cow": 0.6741999816894532,
        "IoU.diningtable": 0.4886000061035156,
        "IoU.dog": 0.65,
        "IoU.horse": 0.6494999694824218,
        "IoU.motorbike": 0.6327000045776368,
        "IoU.person": 0.5925,
        "IoU.pottedplant": 0.619900016784668,
        "IoU.sheep": 0.7148999786376953,
        "IoU.sofa": 0.49599998474121093,
        "IoU.train": 0.7537000274658203,
        "IoU.tvmonitor": 0.662300033569336,
        "Acc.background": 0.9137999725341797,
        "Acc.aeroplane": 0.9570999908447265,
        "Acc.bicycle": 0.7920999908447266,
        "Acc.bird": 0.9493000030517578,
        "Acc.boat": 0.799000015258789,
        "Acc.bottle": 0.6070000076293945,
        "Acc.bus": 0.9259999847412109,
        "Acc.car": 0.9166000366210938,
        "Acc.cat": 0.9356999969482422,
        "Acc.chair": 0.5006999969482422,
        "Acc.cow": 0.9269999694824219,
        "Acc.diningtable": 0.5565999984741211,
        "Acc.dog": 0.8112999725341797,
        "Acc.horse": 0.9526000213623047,
        "Acc.motorbike": 0.7666000366210938,
        "Acc.person": 0.7470999908447266,
        "Acc.pottedplant": 0.8127999877929688,
        "Acc.sheep": 0.9325,
        "Acc.sofa": 0.6854000091552734,
        "Acc.train": 0.8891000366210937,
        "Acc.tvmonitor": 0.8002999877929687
    }
}