{
    "config": "configs/voc_segmenter.py",
    "metric": {
        "aAcc": 0.9634999999999999,
        "mIoU": 0.8332999999999999,
        "mAcc": 0.9065000000000001,
        "IoU.background": 0.9575,
        "IoU.aeroplane": 0.9243000030517579,
        "IoU.bicycle": 0.45049999237060545,
        "IoU.bird": 0.9319000244140625,
        "IoU.boat": 0.7811000061035156,
        "IoU.bottle": 0.8605000305175782,
        "IoU.bus": 0.9502999877929688,
        "IoU.car": 0.9230000305175782,
        "IoU.cat": 0.9580999755859375,
        "IoU.chair": 0.5295000076293945,
        "IoU.cow": 0.9593000030517578,
        "IoU.diningtable": 0.5986999893188476,
        "IoU.dog": 0.9322000122070313,
        "IoU.horse": 0.9237000274658204,
        "IoU.motorbike": 0.8933000183105468,
        "IoU.person": 0.9011000061035156,
        "IoU.pottedplant": 0.731500015258789,
        "IoU.sheep": 0.9497000122070313,
        "IoU.sofa": 0.6483000183105468,
        "IoU.train": 0.8993000030517578,
        "IoU.tvmonitor": 0.7955000305175781,
        "Acc.background": 0.9801999664306641,
        "Acc.aeroplane": 0.9530999755859375,
        "Acc.bicycle": 0.9440000152587891,
        "Acc.bird": 0.9823999786376953,
        "Acc.boat": 0.8822000122070313,
        "Acc.bottle": 0.9386000061035156,
        "Acc.bus": 0.9804000091552735,
        "Acc.car": 0.9576000213623047,
        "Acc.cat": 0.9787999725341797,
        "Acc.chair": 0.6691999816894532,
        "Acc.cow": 0.9737999725341797,
        "Acc.diningtable": 0.6238999938964844,
        "Acc.dog": 0.9788999938964844,
        "Acc.horse": 0.9594999694824219,
        "Acc.motorbike": 0.9608000183105468,
        "Acc.person": 0.9501999664306641,
        "Acc.pottedplant": 0.8516000366210937,
        "Acc.sheep": 0.9829000091552734,
        "Acc.sofa": 0.7212000274658203,
        "Acc.train": 0.924000015258789,
        "Acc.tvmonitor": 0.8430999755859375
    }
}