{
    "config": "configs/voc_segmenter.py",
    "metric": {
        "aAcc": 0.8269,
        "mIoU": 0.5753,
        "mAcc": 0.9135,
        "IoU.background": 0.7831999969482422,
        "IoU.aeroplane": 0.3818000030517578,
        "IoU.bicycle": 0.21209999084472655,
        "IoU.bird": 0.4759000015258789,
        "IoU.boat": 0.4988999938964844,
        "IoU.bottle": 0.6576999664306641,
        "IoU.bus": 0.815,
        "IoU.car": 0.704800033569336,
        "IoU.cat": 0.615999984741211,
        "IoU.chair": 0.3490999984741211,
        "IoU.cow": 0.6441999816894531,
        "IoU.diningtable": 0.6402999877929687,
        "IoU.dog": 0.5875,
        "IoU.horse": 0.4897999954223633,
        "IoU.motorbike": 0.512400016784668,
        "IoU.person": 0.5840000152587891,
        "IoU.pottedplant": 0.5277000045776368,
        "IoU.sheep": 0.5961000061035157,
        "IoU.sofa": 0.5366999816894531,
        "IoU.train": 0.715999984741211,
        "IoU.tvmonitor": 0.752300033569336,
        "Acc.background": 0.7888999938964844,
        "Acc.aeroplane": 0.9962000274658203,
        "Acc.bicycle": 0.9533000183105469,
        "Acc.bird": 0.9920999908447266,
        "Acc.boat": 0.925,
        "Acc.bottle": 0.949800033569336,
        "Acc.bus": 0.9808000183105469,
        "Acc.car": 0.9668000030517578,
        "Acc.cat": 0.9858999633789063,
        "Acc.chair": 0.6644999694824218,
        "Acc.cow": 0.9845999908447266,
        "Acc.diningtable": 0.7104000091552735,
        "Acc.dog": 0.9918000030517579,
        "Acc.horse": 0.9280999755859375,
        "Acc.motorbike": 0.8776999664306641,
        "Acc.person": 0.9505000305175781,
        "Acc.pottedplant": 0.8776000213623046,
        "Acc.sheep": 0.9751999664306641,
        "Acc.sofa": 0.795199966430664,
        "Acc.train": 0.9751000213623047,
        "Acc.tvmonitor": 0.9131999969482422
    }
}