{
      "recall": {
            "Arrachement_pelade": {
                  "0.3": {
                        "2m": 0.6162790697674418,
                        "4m": 0.7732558139534884,
                        "6m": 0.8488372093023255,
                        "8m": 0.8953488372093024,
                        "10m": 0.9244186046511628,
                        "12m": 0.9593023255813954,
                        "14m": 0.9709302325581395,
                        "16m": 0.9825581395348837,
                        "18m": 0.9941860465116279,
                        "20m": 1.0
                  }
            },
            "Faiencage": {
                  "0.3": {
                        "2m": 0.25,
                        "4m": 0.5,
                        "6m": 0.5,
                        "8m": 0.5,
                        "10m": 0.5,
                        "12m": 0.5,
                        "14m": 0.5,
                        "16m": 0.5,
                        "18m": 0.5,
                        "20m": 0.5
                  }
            },
            "Nid_de_poule": {
                  "0.3": {
                        "2m": NaN,
                        "4m": NaN,
                        "6m": NaN,
                        "8m": NaN,
                        "10m": NaN,
                        "12m": NaN,
                        "14m": NaN,
                        "16m": NaN,
                        "18m": NaN,
                        "20m": NaN
                  }
            },
            "Transversale": {
                  "0.3": {
                        "2m": 1.0,
                        "4m": 1.0,
                        "6m": 1.0,
                        "8m": 1.0,
                        "10m": 1.0,
                        "12m": 1.0,
                        "14m": 1.0,
                        "16m": 1.0,
                        "18m": 1.0,
                        "20m": 1.0
                  }
            },
            "Longitudinale": {
                  "0.3": {
                        "2m": 0.9090909090909091,
                        "4m": 1.0,
                        "6m": 1.0,
                        "8m": 1.0,
                        "10m": 1.0,
                        "12m": 1.0,
                        "14m": 1.0,
                        "16m": 1.0,
                        "18m": 1.0,
                        "20m": 1.0
                  }
            },
            "Remblaiement_de_tranchees": {
                  "0.3": {
                        "2m": NaN,
                        "4m": NaN,
                        "6m": NaN,
                        "8m": NaN,
                        "10m": NaN,
                        "12m": NaN,
                        "14m": NaN,
                        "16m": NaN,
                        "18m": NaN,
                        "20m": NaN
                  }
            },
            "Autre_reparation": {
                  "0.3": {
                        "2m": 1.0,
                        "4m": 1.0,
                        "6m": 1.0,
                        "8m": 1.0,
                        "10m": 1.0,
                        "12m": 1.0,
                        "14m": 1.0,
                        "16m": 1.0,
                        "18m": 1.0,
                        "20m": 1.0
                  }
            }
      },
      "precision": {
            "Arrachement_pelade": {
                  "0.3": {
                        "2m": 0.24556962025316456,
                        "4m": 0.2683544303797468,
                        "6m": 0.29873417721518986,
                        "8m": 0.3139240506329114,
                        "10m": 0.3265822784810127,
                        "12m": 0.3493670886075949,
                        "14m": 0.35443037974683544,
                        "16m": 0.37468354430379747,
                        "18m": 0.389873417721519,
                        "20m": 0.40253164556962023
                  }
            },
            "Faiencage": {
                  "0.3": {
                        "2m": 0.1,
                        "4m": 0.15,
                        "6m": 0.2,
                        "8m": 0.2,
                        "10m": 0.2,
                        "12m": 0.2,
                        "14m": 0.2,
                        "16m": 0.2,
                        "18m": 0.2,
                        "20m": 0.2
                  }
            },
            "Nid_de_poule": {
                  "0.3": {
                        "2m": 0.0,
                        "4m": 0.0,
                        "6m": 0.0,
                        "8m": 0.0,
                        "10m": 0.0,
                        "12m": 0.0,
                        "14m": 0.0,
                        "16m": 0.0,
                        "18m": 0.0,
                        "20m": 0.0
                  }
            },
            "Transversale": {
                  "0.3": {
                        "2m": 0.01639344262295082,
                        "4m": 0.01639344262295082,
                        "6m": 0.03278688524590164,
                        "8m": 0.03278688524590164,
                        "10m": 0.03278688524590164,
                        "12m": 0.03278688524590164,
                        "14m": 0.03278688524590164,
                        "16m": 0.03278688524590164,
                        "18m": 0.03278688524590164,
                        "20m": 0.03278688524590164
                  }
            },
            "Longitudinale": {
                  "0.3": {
                        "2m": 0.12048192771084337,
                        "4m": 0.14457831325301204,
                        "6m": 0.1566265060240964,
                        "8m": 0.1686746987951807,
                        "10m": 0.1686746987951807,
                        "12m": 0.18072289156626506,
                        "14m": 0.18072289156626506,
                        "16m": 0.18072289156626506,
                        "18m": 0.18072289156626506,
                        "20m": 0.1927710843373494
                  }
            },
            "Remblaiement_de_tranchees": {
                  "0.3": {
                        "2m": 0.0,
                        "4m": 0.0,
                        "6m": 0.0,
                        "8m": 0.0,
                        "10m": 0.0,
                        "12m": 0.0,
                        "14m": 0.0,
                        "16m": 0.0,
                        "18m": 0.0,
                        "20m": 0.0
                  }
            },
            "Autre_reparation": {
                  "0.3": {
                        "2m": 0.03225806451612903,
                        "4m": 0.0967741935483871,
                        "6m": 0.12903225806451613,
                        "8m": 0.12903225806451613,
                        "10m": 0.12903225806451613,
                        "12m": 0.12903225806451613,
                        "14m": 0.12903225806451613,
                        "16m": 0.12903225806451613,
                        "18m": 0.12903225806451613,
                        "20m": 0.12903225806451613
                  }
            }
      },
      "ap": {
            "Arrachement_pelade": {
                  "2m": 0.2830286335204815,
                  "4m": 0.30317851415121727,
                  "6m": 0.3318868089197171,
                  "8m": 0.34698465559115177,
                  "10m": 0.35692889223707147,
                  "12m": 0.3733291130604143,
                  "14m": 0.38561148715144083,
                  "16m": 0.4054480552073092,
                  "18m": 0.42216819541630407,
                  "20m": 0.4399270088108444
            },
            "Faiencage": {
                  "2m": 0.19722662936849633,
                  "4m": 0.25438605709626166,
                  "6m": 0.24689418964914725,
                  "8m": 0.23139798192616604,
                  "10m": 0.22445626175097264,
                  "12m": 0.2075245109825047,
                  "14m": 0.20282840471693248,