{
      "recall": {
            "Arrachement_pelade": {
                  "0.3": {
                        "2m": 0.48148148148148145,
                        "4m": 0.7592592592592593,
                        "6m": 0.8703703703703703,
                        "8m": 0.9444444444444444,
                        "10m": 0.9629629629629629,
                        "12m": 0.9629629629629629,
                        "14m": 0.9629629629629629,
                        "16m": 0.9814814814814815,
                        "18m": 0.9814814814814815,
                        "20m": 1.0
                  }
            },
            "Faiencage": {
                  "0.3": {
                        "2m": 0.6521739130434783,
                        "4m": 0.8521739130434782,
                        "6m": 0.8956521739130435,
                        "8m": 0.9304347826086956,
                        "10m": 0.9478260869565217,
                        "12m": 0.9478260869565217,
                        "14m": 0.9565217391304348,
                        "16m": 0.9652173913043478,
                        "18m": 0.9652173913043478,
                        "20m": 0.9652173913043478
                  }
            },
            "Nid_de_poule": {
                  "0.3": {
                        "2m": NaN,
                        "4m": NaN,
                        "6m": NaN,
                        "8m": NaN,
                        "10m": NaN,
                        "12m": NaN,
                        "14m": NaN,
                        "16m": NaN,
                        "18m": NaN,
                        "20m": NaN
                  }
            },
            "Transversale": {
                  "0.3": {
                        "2m": 0.8823529411764706,
                        "4m": 1.0,
                        "6m": 1.0,
                        "8m": 1.0,
                        "10m": 1.0,
                        "12m": 1.0,
                        "14m": 1.0,
                        "16m": 1.0,
                        "18m": 1.0,
                        "20m": 1.0
                  }
            },
            "Longitudinale": {
                  "0.3": {
                        "2m": 0.5324675324675324,
                        "4m": 0.7402597402597403,
                        "6m": 0.8571428571428571,
                        "8m": 0.9090909090909091,
                        "10m": 0.961038961038961,
                        "12m": 0.961038961038961,
                        "14m": 0.974025974025974,
                        "16m": 0.974025974025974,
                        "18m": 0.974025974025974,
                        "20m": 0.974025974025974
                  }
            },
            "Remblaiement_de_tranchees": {
                  "0.3": {
                        "2m": NaN,
                        "4m": NaN,
                        "6m": NaN,
                        "8m": NaN,
                        "10m": NaN,
                        "12m": NaN,
                        "14m": NaN,
                        "16m": NaN,
                        "18m": NaN,
                        "20m": NaN
                  }
            },
            "Autre_reparation": {
                  "0.3": {
                        "2m": 0.19047619047619047,
                        "4m": 0.31746031746031744,
                        "6m": 0.42857142857142855,
                        "8m": 0.49206349206349204,
                        "10m": 0.5555555555555556,
                        "12m": 0.6349206349206349,
                        "14m": 0.6507936507936508,
                        "16m": 0.7142857142857143,
                        "18m": 0.7619047619047619,
                        "20m": 0.7619047619047619
                  }
            }
      },
      "precision": {
            "Arrachement_pelade": {
                  "0.3": {
                        "2m": 0.045787545787545784,
                        "4m": 0.05860805860805861,
                        "6m": 0.06776556776556776,
                        "8m": 0.08058608058608059,
                        "10m": 0.08791208791208792,
                        "12m": 0.0989010989010989,
                        "14m": 0.10805860805860806,
                        "16m": 0.11538461538461539,
                        "18m": 0.12454212454212454,
                        "20m": 0.13736263736263737
                  }
            },
            "Faiencage": {
                  "0.3": {
                        "2m": 0.5263157894736842,
                        "4m": 0.5789473684210527,
                        "6m": 0.6090225563909775,
                        "8m": 0.6616541353383458,
                        "10m": 0.6842105263157895,
                        "12m": 0.6917293233082706,
                        "14m": 0.6992481203007519,
                        "16m": 0.6992481203007519,
                        "18m": 0.6992481203007519,
                        "20m": 0.706766917293233
                  }
            },
            "Nid_de_poule": {
                  "0.3": {
                        "2m": 0.0,
                        "4m": 0.0,
                        "6m": 0.0,
                        "8m": 0.0,
                        "10m": 0.0,
                        "12m": 0.0,
                        "14m": 0.0,
                        "16m": 0.0,
                        "18m": 0.0,
                        "20m": 0.0
                  }
            },
            "Transversale": {
                  "0.3": {
                        "2m": 0.06741573033707865,
                        "4m": 0.0898876404494382,
                        "6m": 0.09550561797752809,
                        "8m": 0.09550561797752809,
                        "10m": 0.11797752808988764,
                        "12m": 0.12359550561797752,
                        "14m": 0.12921348314606743,
                        "16m": 0.1404494382022472,
                        "18m": 0.14606741573033707,
                        "20m": 0.14606741573033707
                  }
            },
            "Longitudinale": {
                  "0.3": {
                        "2m": 0.16326530612244897,
                        "4m": 0.21224489795918366,
                        "6m": 0.2530612244897959,
                        "8m": 0.2816326530612245,
                        "10m": 0.3020408163265306,
                        "12m": 0.3224489795918367,
                        "14m": 0.3306122448979592,
                        "16m": 0.34285714285714286,
                        "18m": 0.34285714285714286,
                        "20m": 0.3469387755102041
                  }
            },
            "Remblaiement_de_tranchees": {
                  "0.3": {
                        "2m": 0.0,
                        "4m": 0.0,
                        "6m": 0.0,
                        "8m": 0.0,
                        "10m": 0.0,
                        "12m": 0.0,
                        "14m": 0.0,
                        "16m": 0.0,
                        "18m": 0.0,
                        "20m": 0.0
                  }
            },
            "Autre_reparation": {
                  "0.3": {
                        "2m": 0.23404255319148937,
                        "4m": 0.2765957446808511,
                        "6m": 0.2765957446808511,
                        "8m": 0.2765957446808511,
                        "10m": 0.2765957446808511,
                        "12m": 0.2765957446808511,
                        "14m": 0.2765957446808511,
                        "16m": 0.2978723404255319,
                        "18m": 0.3191489361702128,
                        "20m": 0.3191489361702128
                  }
            }
      },
      "ap": {
            "Arrachement_pelade": {
                  "2m": 0.05958859186534403,
                  "4m": 0.06597489729503626,
                  "6m": 0.07380573562711051,
                  "8m": 0.08483812602564744,