{
      "recall": {
            "Arrachement_pelade": {
                  "0.3": {
                        "2m": 0.8165137614678899,
                        "4m": 0.8990825688073395,
                        "6m": 0.944954128440367,
                        "8m": 0.9724770642201835,
                        "10m": 1.0,
                        "12m": 1.0,
                        "14m": 1.0,
                        "16m": 1.0,
                        "18m": 1.0,
                        "20m": 1.0
                  }
            },
            "Faiencage": {
                  "0.3": {
                        "2m": 0.3283582089552239,
                        "4m": 0.40298507462686567,
                        "6m": 0.4925373134328358,
                        "8m": 0.5373134328358209,
                        "10m": 0.5522388059701493,
                        "12m": 0.582089552238806,
                        "14m": 0.6119402985074627,
                        "16m": 0.6119402985074627,
                        "18m": 0.6417910447761194,
                        "20m": 0.6716417910447762
                  }
            },
            "Nid_de_poule": {
                  "0.3": {
                        "2m": 1.0,
                        "4m": 1.0,
                        "6m": 1.0,
                        "8m": 1.0,
                        "10m": 1.0,
                        "12m": 1.0,
                        "14m": 1.0,
                        "16m": 1.0,
                        "18m": 1.0,
                        "20m": 1.0
                  }
            },
            "Transversale": {
                  "0.3": {
                        "2m": 0.8,
                        "4m": 0.9,
                        "6m": 0.9,
                        "8m": 0.9,
                        "10m": 0.9,
                        "12m": 0.9,
                        "14m": 0.9,
                        "16m": 0.9,
                        "18m": 0.9,
                        "20m": 0.9
                  }
            },
            "Longitudinale": {
                  "0.3": {
                        "2m": 0.5675675675675675,
                        "4m": 0.7297297297297297,
                        "6m": 0.7837837837837838,
                        "8m": 0.8108108108108109,
                        "10m": 0.8378378378378378,
                        "12m": 0.8378378378378378,
                        "14m": 0.8648648648648649,
                        "16m": 0.8918918918918919,
                        "18m": 0.918918918918919,
                        "20m": 0.918918918918919
                  }
            },
            "Remblaiement_de_tranchees": {
                  "0.3": {
                        "2m": 0.5,
                        "4m": 0.5,
                        "6m": 0.75,
                        "8m": 1.0,
                        "10m": 1.0,
                        "12m": 1.0,
                        "14m": 1.0,
                        "16m": 1.0,
                        "18m": 1.0,
                        "20m": 1.0
                  }
            },
            "Autre_reparation": {
                  "0.3": {
                        "2m": 0.125,
                        "4m": 0.25,
                        "6m": 0.25,
                        "8m": 0.25,
                        "10m": 0.25,
                        "12m": 0.25,
                        "14m": 0.25,
                        "16m": 0.25,
                        "18m": 0.25,
                        "20m": 0.25
                  }
            }
      },
      "precision": {
            "Arrachement_pelade": {
                  "0.3": {
                        "2m": 0.1539855072463768,
                        "4m": 0.16304347826086957,
                        "6m": 0.17391304347826086,
                        "8m": 0.18840579710144928,
                        "10m": 0.19384057971014493,
                        "12m": 0.19927536231884058,
                        "14m": 0.20833333333333334,
                        "16m": 0.21739130434782608,
                        "18m": 0.22644927536231885,
                        "20m": 0.23550724637681159
                  }
            },
            "Faiencage": {
                  "0.3": {
                        "2m": 0.25,
                        "4m": 0.27631578947368424,
                        "6m": 0.3157894736842105,
                        "8m": 0.3157894736842105,
                        "10m": 0.34210526315789475,
                        "12m": 0.35526315789473684,
                        "14m": 0.35526315789473684,
                        "16m": 0.3684210526315789,
                        "18m": 0.3684210526315789,
                        "20m": 0.3684210526315789
                  }
            },
            "Nid_de_poule": {
                  "0.3": {
                        "2m": 0.13333333333333333,
                        "4m": 0.16666666666666666,
                        "6m": 0.16666666666666666,
                        "8m": 0.16666666666666666,
                        "10m": 0.16666666666666666,
                        "12m": 0.16666666666666666,
                        "14m": 0.16666666666666666,
                        "16m": 0.16666666666666666,
                        "18m": 0.16666666666666666,
                        "20m": 0.16666666666666666
                  }
            },
            "Transversale": {
                  "0.3": {
                        "2m": 0.125,
                        "4m": 0.1875,
                        "6m": 0.25,
                        "8m": 0.3125,
                        "10m": 0.3375,
                        "12m": 0.375,
                        "14m": 0.4,
                        "16m": 0.4125,
                        "18m": 0.4125,
                        "20m": 0.4125
                  }
            },
            "Longitudinale": {
                  "0.3": {
                        "2m": 0.13533834586466165,
                        "4m": 0.18045112781954886,
                        "6m": 0.21052631578947367,
                        "8m": 0.2631578947368421,
                        "10m": 0.3007518796992481,
                        "12m": 0.3157894736842105,
                        "14m": 0.3383458646616541,
                        "16m": 0.3684210526315789,
                        "18m": 0.39849624060150374,
                        "20m": 0.42105263157894735
                  }
            },
            "Remblaiement_de_tranchees": {
                  "0.3": {
                        "2m": 0.058823529411764705,
                        "4m": 0.11764705882352941,
                        "6m": 0.11764705882352941,
                        "8m": 0.11764705882352941,
                        "10m": 0.11764705882352941,
                        "12m": 0.11764705882352941,
                        "14m": 0.11764705882352941,
                        "16m": 0.17647058823529413,
                        "18m": 0.17647058823529413,
                        "20m": 0.17647058823529413
                  }
            },
            "Autre_reparation": {
                  "0.3": {
                        "2m": 0.034482758620689655,
                        "4m": 0.034482758620689655,
                        "6m": 0.034482758620689655,
                        "8m": 0.034482758620689655,
                        "10m": 0.034482758620689655,
                        "12m": 0.034482758620689655,
                        "14m": 0.034482758620689655,
                        "16m": 0.034482758620689655,
                        "18m": 0.034482758620689655,
                        "20m": 0.034482758620689655
                  }
            }
      },
      "ap": {
            "Arrachement_pelade": {
                  "2m": 0.2991969038205856,
                  "4m": 0.3278412555947138,
                  "6m": 0.33987026781900215,
                  "8m": 0.349593460261704,
                  "10m": 0.3492384756679241,