{
      "recall": {
            "Arrachement_pelade": {
                  "0.3": {
                        "2m": 0.4051383399209486,
                        "4m": 0.5652173913043478,
                        "6m": 0.66600790513834,
                        "8m": 0.7430830039525692,
                        "10m": 0.7885375494071146,
                        "12m": 0.8359683794466403,
                        "14m": 0.8695652173913043,
                        "16m": 0.8873517786561265,
                        "18m": 0.9110671936758893,
                        "20m": 0.924901185770751
                  }
            },
            "Faiencage": {
                  "0.3": {
                        "2m": NaN,
                        "4m": NaN,
                        "6m": NaN,
                        "8m": NaN,
                        "10m": NaN,
                        "12m": NaN,
                        "14m": NaN,
                        "16m": NaN,
                        "18m": NaN,
                        "20m": NaN
                  }
            },
            "Nid_de_poule": {
                  "0.3": {
                        "2m": NaN,
                        "4m": NaN,
                        "6m": NaN,
                        "8m": NaN,
                        "10m": NaN,
                        "12m": NaN,
                        "14m": NaN,
                        "16m": NaN,
                        "18m": NaN,
                        "20m": NaN
                  }
            },
            "Transversale": {
                  "0.3": {
                        "2m": NaN,
                        "4m": NaN,
                        "6m": NaN,
                        "8m": NaN,
                        "10m": NaN,
                        "12m": NaN,
                        "14m": NaN,
                        "16m": NaN,
                        "18m": NaN,
                        "20m": NaN
                  }
            },
            "Longitudinale": {
                  "0.3": {
                        "2m": 0.6,
                        "4m": 0.64,
                        "6m": 0.68,
                        "8m": 0.72,
                        "10m": 0.72,
                        "12m": 0.72,
                        "14m": 0.72,
                        "16m": 0.72,
                        "18m": 0.72,
                        "20m": 0.76
                  }
            },
            "Remblaiement_de_tranchees": {
                  "0.3": {
                        "2m": 0.0,
                        "4m": 0.0,
                        "6m": 0.0,
                        "8m": 0.0,
                        "10m": 0.0,
                        "12m": 0.0,
                        "14m": 0.0,
                        "16m": 0.0,
                        "18m": 0.0,
                        "20m": 0.0
                  }
            },
            "Autre_reparation": {
                  "0.3": {
                        "2m": 0.3,
                        "4m": 0.4,
                        "6m": 0.4666666666666667,
                        "8m": 0.4666666666666667,
                        "10m": 0.4666666666666667,
                        "12m": 0.5,
                        "14m": 0.5333333333333333,
                        "16m": 0.5333333333333333,
                        "18m": 0.5333333333333333,
                        "20m": 0.5333333333333333
                  }
            }
      },
      "precision": {
            "Arrachement_pelade": {
                  "0.3": {
                        "2m": 0.9081081081081082,
                        "4m": 0.9243243243243243,
                        "6m": 0.9297297297297298,
                        "8m": 0.9405405405405406,
                        "10m": 0.9513513513513514,
                        "12m": 0.9621621621621622,
                        "14m": 0.972972972972973,
                        "16m": 0.972972972972973,
                        "18m": 0.9783783783783784,
                        "20m": 0.9783783783783784
                  }
            },
            "Faiencage": {
                  "0.3": {
                        "2m": 0.0,
                        "4m": 0.0,
                        "6m": 0.0,
                        "8m": 0.0,
                        "10m": 0.0,
                        "12m": 0.0,
                        "14m": 0.0,
                        "16m": 0.0,
                        "18m": 0.0,
                        "20m": 0.0
                  }
            },
            "Nid_de_poule": {
                  "0.3": {
                        "2m": 0.0,
                        "4m": 0.0,
                        "6m": 0.0,
                        "8m": 0.0,
                        "10m": 0.0,
                        "12m": 0.0,
                        "14m": 0.0,
                        "16m": 0.0,
                        "18m": 0.0,
                        "20m": 0.0
                  }
            },
            "Transversale": {
                  "0.3": {
                        "2m": 0.0,
                        "4m": 0.0,
                        "6m": 0.0,
                        "8m": 0.0,
                        "10m": 0.0,
                        "12m": 0.0,
                        "14m": 0.0,
                        "16m": 0.0,
                        "18m": 0.0,
                        "20m": 0.0
                  }
            },
            "Longitudinale": {
                  "0.3": {
                        "2m": 0.13333333333333333,
                        "4m": 0.16666666666666666,
                        "6m": 0.17777777777777778,
                        "8m": 0.17777777777777778,
                        "10m": 0.17777777777777778,
                        "12m": 0.2,
                        "14m": 0.2,
                        "16m": 0.2,
                        "18m": 0.2,
                        "20m": 0.2111111111111111
                  }
            },
            "Remblaiement_de_tranchees": {
                  "0.3": {
                        "2m": 0.0,
                        "4m": 0.0,
                        "6m": 0.0,
                        "8m": 0.0,
                        "10m": 0.0,
                        "12m": 0.0,
                        "14m": 0.0,
                        "16m": 0.0,
                        "18m": 0.0,
                        "20m": 0.0
                  }
            },
            "Autre_reparation": {
                  "0.3": {
                        "2m": 0.23809523809523808,
                        "4m": 0.2857142857142857,
                        "6m": 0.30952380952380953,
                        "8m": 0.3333333333333333,
                        "10m": 0.3333333333333333,
                        "12m": 0.35714285714285715,
                        "14m": 0.35714285714285715,
                        "16m": 0.35714285714285715,
                        "18m": 0.35714285714285715,
                        "20m": 0.35714285714285715
                  }
            }
      },
      "ap": {
            "Arrachement_pelade": {
                  "2m": 0.9032251398144949,
                  "4m": 0.9223948533634547,
                  "6m": 0.929823042955304,
                  "8m": 0.9429841429192635,
                  "10m": 0.9531705693013768,
                  "12m": 0.9638251112360334,
                  "14m": 0.9727971408800995,
                  "16m": 0.9738081782148503,
                  "18m": 0.9778296684844392,
                  "20m": 0.9787432452437692
            },
            "Faiencage": {
                  "2m": NaN,
                  "4m": NaN,
                  "6m": NaN,
                  "8m": NaN,
                  "10m": NaN,
                  "12m": NaN,
                  "14m": NaN,
                  "16m": NaN,
                  "18m": NaN,
                  "20m": NaN
            },
            "Nid_de_poule": {
                  "2m": NaN,
                  "4m": NaN,
                  "6m": NaN,