{
      "recall": {
            "Arrachement_pelade": {
                  "0.3": {
                        "2m": 0.41362530413625304,
                        "4m": 0.5669099756690997,
                        "6m": 0.6496350364963503,
                        "8m": 0.7274939172749392,
                        "10m": 0.7785888077858881,
                        "12m": 0.8223844282238443,
                        "14m": 0.8661800486618005,
                        "16m": 0.8929440389294404,
                        "18m": 0.9099756690997567,
                        "20m": 0.927007299270073
                  }
            },
            "Faiencage": {
                  "0.3": {
                        "2m": NaN,
                        "4m": NaN,
                        "6m": NaN,
                        "8m": NaN,
                        "10m": NaN,
                        "12m": NaN,
                        "14m": NaN,
                        "16m": NaN,
                        "18m": NaN,
                        "20m": NaN
                  }
            },
            "Nid_de_poule": {
                  "0.3": {
                        "2m": 0.0,
                        "4m": 0.0,
                        "6m": 0.0,
                        "8m": 0.0,
                        "10m": 0.0,
                        "12m": 0.0,
                        "14m": 0.0,
                        "16m": 0.0,
                        "18m": 0.0,
                        "20m": 0.0
                  }
            },
            "Transversale": {
                  "0.3": {
                        "2m": 1.0,
                        "4m": 1.0,
                        "6m": 1.0,
                        "8m": 1.0,
                        "10m": 1.0,
                        "12m": 1.0,
                        "14m": 1.0,
                        "16m": 1.0,
                        "18m": 1.0,
                        "20m": 1.0
                  }
            },
            "Longitudinale": {
                  "0.3": {
                        "2m": 0.6829268292682927,
                        "4m": 0.8292682926829268,
                        "6m": 0.9024390243902439,
                        "8m": 0.9512195121951219,
                        "10m": 0.975609756097561,
                        "12m": 0.975609756097561,
                        "14m": 1.0,
                        "16m": 1.0,
                        "18m": 1.0,
                        "20m": 1.0
                  }
            },
            "Remblaiement_de_tranchees": {
                  "0.3": {
                        "2m": NaN,
                        "4m": NaN,
                        "6m": NaN,
                        "8m": NaN,
                        "10m": NaN,
                        "12m": NaN,
                        "14m": NaN,
                        "16m": NaN,
                        "18m": NaN,
                        "20m": NaN
                  }
            },
            "Autre_reparation": {
                  "0.3": {
                        "2m": 0.04884318766066838,
                        "4m": 0.09511568123393316,
                        "6m": 0.14395886889460155,
                        "8m": 0.1928020565552699,
                        "10m": 0.2390745501285347,
                        "12m": 0.2827763496143959,
                        "14m": 0.3264781491002571,
                        "16m": 0.35732647814910024,
                        "18m": 0.39588688946015427,
                        "20m": 0.42930591259640105
                  }
            }
      },
      "precision": {
            "Arrachement_pelade": {
                  "0.3": {
                        "2m": 0.9912280701754386,
                        "4m": 0.9912280701754386,
                        "6m": 0.9912280701754386,
                        "8m": 1.0,
                        "10m": 1.0,
                        "12m": 1.0,
                        "14m": 1.0,
                        "16m": 1.0,
                        "18m": 1.0,
                        "20m": 1.0
                  }
            },
            "Faiencage": {
                  "0.3": {
                        "2m": 0.0,
                        "4m": 0.0,
                        "6m": 0.0,
                        "8m": 0.0,
                        "10m": 0.0,
                        "12m": 0.0,
                        "14m": 0.0,
                        "16m": 0.0,
                        "18m": 0.0,
                        "20m": 0.0
                  }
            },
            "Nid_de_poule": {
                  "0.3": {
                        "2m": 0.0,
                        "4m": 0.0,
                        "6m": 0.0,
                        "8m": 0.0,
                        "10m": 0.0,
                        "12m": 0.0,
                        "14m": 0.0,
                        "16m": 0.0,
                        "18m": 0.0,
                        "20m": 0.0
                  }
            },
            "Transversale": {
                  "0.3": {
                        "2m": 0.125,
                        "4m": 0.25,
                        "6m": 0.25,
                        "8m": 0.25,
                        "10m": 0.25,
                        "12m": 0.25,
                        "14m": 0.25,
                        "16m": 0.25,
                        "18m": 0.25,
                        "20m": 0.25
                  }
            },
            "Longitudinale": {
                  "0.3": {
                        "2m": 0.22413793103448276,
                        "4m": 0.25862068965517243,
                        "6m": 0.28448275862068967,
                        "8m": 0.31896551724137934,
                        "10m": 0.35344827586206895,
                        "12m": 0.3706896551724138,
                        "14m": 0.3879310344827586,
                        "16m": 0.43103448275862066,
                        "18m": 0.4482758620689655,
                        "20m": 0.45689655172413796
                  }
            },
            "Remblaiement_de_tranchees": {
                  "0.3": {
                        "2m": 0.0,
                        "4m": 0.0,
                        "6m": 0.0,
                        "8m": 0.0,
                        "10m": 0.0,
                        "12m": 0.0,
                        "14m": 0.0,
                        "16m": 0.0,
                        "18m": 0.0,
                        "20m": 0.0
                  }
            },
            "Autre_reparation": {
                  "0.3": {
                        "2m": 1.0,
                        "4m": 1.0,
                        "6m": 1.0,
                        "8m": 1.0,
                        "10m": 1.0,
                        "12m": 1.0,
                        "14m": 1.0,
                        "16m": 1.0,
                        "18m": 1.0,
                        "20m": 1.0
                  }
            }
      },
      "ap": {
            "Arrachement_pelade": {
                  "2m": 0.9888218429172568,
                  "4m": 0.990841556471932,
                  "6m": 0.9915298102237375,
                  "8m": 0.9999392402413331,
                  "10m": 0.9999392402413331,
                  "12m": 0.9999392402413331,
                  "14m": 1.0,
                  "16m": 1.0,
                  "18m": 1.0,
                  "20m": 1.0
            },
            "Faiencage": {
                  "2m": NaN,
                  "4m": NaN,
                  "6m": NaN,
                  "8m": NaN,
                  "10m": NaN,
                  "12m": NaN,
                  "14m": NaN,
                  "16m": NaN,
                  "18m": NaN,
                  "20m": NaN
            },
            "Nid_de_poule": {
                  "2m": 0.01818181818181818,
                  "4m": 0.01818181818181818,
                  "6m": 0.08961038961038961,
                  "8m": 0.08961038961038961,