{
      "recall": {
            "Arrachement_pelade": {
                  "0.3": {
                        "2m": 0.5384615384615384,
                        "4m": 0.8461538461538461,
                        "6m": 0.9615384615384616,
                        "8m": 0.9615384615384616,
                        "10m": 1.0,
                        "12m": 1.0,
                        "14m": 1.0,
                        "16m": 1.0,
                        "18m": 1.0,
                        "20m": 1.0
                  }
            },
            "Faiencage": {
                  "0.3": {
                        "2m": 0.6666666666666666,
                        "4m": 0.6666666666666666,
                        "6m": 1.0,
                        "8m": 1.0,
                        "10m": 1.0,
                        "12m": 1.0,
                        "14m": 1.0,
                        "16m": 1.0,
                        "18m": 1.0,
                        "20m": 1.0
                  }
            },
            "Nid_de_poule": {
                  "0.3": {
                        "2m": NaN,
                        "4m": NaN,
                        "6m": NaN,
                        "8m": NaN,
                        "10m": NaN,
                        "12m": NaN,
                        "14m": NaN,
                        "16m": NaN,
                        "18m": NaN,
                        "20m": NaN
                  }
            },
            "Transversale": {
                  "0.3": {
                        "2m": NaN,
                        "4m": NaN,
                        "6m": NaN,
                        "8m": NaN,
                        "10m": NaN,
                        "12m": NaN,
                        "14m": NaN,
                        "16m": NaN,
                        "18m": NaN,
                        "20m": NaN
                  }
            },
            "Longitudinale": {
                  "0.3": {
                        "2m": NaN,
                        "4m": NaN,
                        "6m": NaN,
                        "8m": NaN,
                        "10m": NaN,
                        "12m": NaN,
                        "14m": NaN,
                        "16m": NaN,
                        "18m": NaN,
                        "20m": NaN
                  }
            },
            "Remblaiement_de_tranchees": {
                  "0.3": {
                        "2m": NaN,
                        "4m": NaN,
                        "6m": NaN,
                        "8m": NaN,
                        "10m": NaN,
                        "12m": NaN,
                        "14m": NaN,
                        "16m": NaN,
                        "18m": NaN,
                        "20m": NaN
                  }
            },
            "Autre_reparation": {
                  "0.3": {
                        "2m": 0.11688311688311688,
                        "4m": 0.22727272727272727,
                        "6m": 0.3051948051948052,
                        "8m": 0.37012987012987014,
                        "10m": 0.45454545454545453,
                        "12m": 0.5,
                        "14m": 0.5324675324675324,
                        "16m": 0.564935064935065,
                        "18m": 0.5844155844155844,
                        "20m": 0.6038961038961039
                  }
            }
      },
      "precision": {
            "Arrachement_pelade": {
                  "0.3": {
                        "2m": 0.358974358974359,
                        "4m": 0.4358974358974359,
                        "6m": 0.5384615384615384,
                        "8m": 0.5897435897435898,
                        "10m": 0.5897435897435898,
                        "12m": 0.6666666666666666,
                        "14m": 0.6923076923076923,
                        "16m": 0.6923076923076923,
                        "18m": 0.6923076923076923,
                        "20m": 0.7435897435897436
                  }
            },
            "Faiencage": {
                  "0.3": {
                        "2m": 0.14285714285714285,
                        "4m": 0.14285714285714285,
                        "6m": 0.14285714285714285,
                        "8m": 0.14285714285714285,
                        "10m": 0.14285714285714285,
                        "12m": 0.14285714285714285,
                        "14m": 0.14285714285714285,
                        "16m": 0.14285714285714285,
                        "18m": 0.14285714285714285,
                        "20m": 0.14285714285714285
                  }
            },
            "Nid_de_poule": {
                  "0.3": {
                        "2m": 0.0,
                        "4m": 0.0,
                        "6m": 0.0,
                        "8m": 0.0,
                        "10m": 0.0,
                        "12m": 0.0,
                        "14m": 0.0,
                        "16m": 0.0,
                        "18m": 0.0,
                        "20m": 0.0
                  }
            },
            "Transversale": {
                  "0.3": {
                        "2m": 0.0,
                        "4m": 0.0,
                        "6m": 0.0,
                        "8m": 0.0,
                        "10m": 0.0,
                        "12m": 0.0,
                        "14m": 0.0,
                        "16m": 0.0,
                        "18m": 0.0,
                        "20m": 0.0
                  }
            },
            "Longitudinale": {
                  "0.3": {
                        "2m": 0.0,
                        "4m": 0.0,
                        "6m": 0.0,
                        "8m": 0.0,
                        "10m": 0.0,
                        "12m": 0.0,
                        "14m": 0.0,
                        "16m": 0.0,
                        "18m": 0.0,
                        "20m": 0.0
                  }
            },
            "Remblaiement_de_tranchees": {
                  "0.3": {
                        "2m": 0.0,
                        "4m": 0.0,
                        "6m": 0.0,
                        "8m": 0.0,
                        "10m": 0.0,
                        "12m": 0.0,
                        "14m": 0.0,
                        "16m": 0.0,
                        "18m": 0.0,
                        "20m": 0.0
                  }
            },
            "Autre_reparation": {
                  "0.3": {
                        "2m": 1.0,
                        "4m": 1.0,
                        "6m": 1.0,
                        "8m": 1.0,
                        "10m": 1.0,
                        "12m": 1.0,
                        "14m": 1.0,
                        "16m": 1.0,
                        "18m": 1.0,
                        "20m": 1.0
                  }
            }
      },
      "ap": {
            "Arrachement_pelade": {
                  "2m": 0.39719559296558854,
                  "4m": 0.4587287718021243,
                  "6m": 0.5825441693702604,
                  "8m": 0.6151871847564899,
                  "10m": 0.5964858807292316,
                  "12m": 0.6777396117738205,
                  "14m": 0.6851731301971552,
                  "16m": 0.6892405846686347,
                  "18m": 0.6865900132142863,
                  "20m": 0.7090537951978196
            },
            "Faiencage": {
                  "2m": 0.15211640211640212,
                  "4m": 0.18525132275132272,
                  "6m": 0.18894179894179894,
                  "8m": 0.18602292768959436,
                  "10m": 0.18072481947861885,
                  "12m": 0.17100356329818503,
                  "14m": 0.16513916202454632,
                  "16m": 0.17465798677451938,
                  "18m": 0.18031832081375151,
                  "20m": 0.1828337689931995
            },
            "Nid_de_poule": {
                  "2m": NaN,
                  "4m": NaN,