{
      "recall": {
            "Arrachement_pelade": {
                  "0.3": {
                        "2m": 0.84375,
                        "4m": 0.96875,
                        "6m": 0.9791666666666666,
                        "8m": 1.0,
                        "10m": 1.0,
                        "12m": 1.0,
                        "14m": 1.0,
                        "16m": 1.0,
                        "18m": 1.0,
                        "20m": 1.0
                  }
            },
            "Faiencage": {
                  "0.3": {
                        "2m": 0.6255506607929515,
                        "4m": 0.775330396475771,
                        "6m": 0.8502202643171806,
                        "8m": 0.9162995594713657,
                        "10m": 0.9559471365638766,
                        "12m": 0.973568281938326,
                        "14m": 0.9823788546255506,
                        "16m": 0.9911894273127754,
                        "18m": 1.0,
                        "20m": 1.0
                  }
            },
            "Nid_de_poule": {
                  "0.3": {
                        "2m": 1.0,
                        "4m": 1.0,
                        "6m": 1.0,
                        "8m": 1.0,
                        "10m": 1.0,
                        "12m": 1.0,
                        "14m": 1.0,
                        "16m": 1.0,
                        "18m": 1.0,
                        "20m": 1.0
                  }
            },
            "Transversale": {
                  "0.3": {
                        "2m": 0.9090909090909091,
                        "4m": 0.9090909090909091,
                        "6m": 1.0,
                        "8m": 1.0,
                        "10m": 1.0,
                        "12m": 1.0,
                        "14m": 1.0,
                        "16m": 1.0,
                        "18m": 1.0,
                        "20m": 1.0
                  }
            },
            "Longitudinale": {
                  "0.3": {
                        "2m": 0.8647342995169082,
                        "4m": 0.9710144927536232,
                        "6m": 0.9951690821256038,
                        "8m": 1.0,
                        "10m": 1.0,
                        "12m": 1.0,
                        "14m": 1.0,
                        "16m": 1.0,
                        "18m": 1.0,
                        "20m": 1.0
                  }
            },
            "Remblaiement_de_tranchees": {
                  "0.3": {
                        "2m": 0.17857142857142858,
                        "4m": 0.25,
                        "6m": 0.35714285714285715,
                        "8m": 0.42857142857142855,
                        "10m": 0.44642857142857145,
                        "12m": 0.48214285714285715,
                        "14m": 0.5714285714285714,
                        "16m": 0.6071428571428571,
                        "18m": 0.6607142857142857,
                        "20m": 0.7321428571428571
                  }
            },
            "Autre_reparation": {
                  "0.3": {
                        "2m": 0.23809523809523808,
                        "4m": 0.38095238095238093,
                        "6m": 0.5238095238095238,
                        "8m": 0.5714285714285714,
                        "10m": 0.6190476190476191,
                        "12m": 0.7142857142857143,
                        "14m": 0.7619047619047619,
                        "16m": 0.8095238095238095,
                        "18m": 0.8571428571428571,
                        "20m": 0.8571428571428571
                  }
            }
      },
      "precision": {
            "Arrachement_pelade": {
                  "0.3": {
                        "2m": 0.17687074829931973,
                        "4m": 0.20634920634920634,
                        "6m": 0.23582766439909297,
                        "8m": 0.2653061224489796,
                        "10m": 0.28798185941043086,
                        "12m": 0.30385487528344673,
                        "14m": 0.3219954648526077,
                        "16m": 0.3401360544217687,
                        "18m": 0.35600907029478457,
                        "20m": 0.3673469387755102
                  }
            },
            "Faiencage": {
                  "0.3": {
                        "2m": 0.6407766990291263,
                        "4m": 0.6990291262135923,
                        "6m": 0.7184466019417476,
                        "8m": 0.7427184466019418,
                        "10m": 0.7572815533980582,
                        "12m": 0.7718446601941747,
                        "14m": 0.7766990291262136,
                        "16m": 0.7912621359223301,
                        "18m": 0.8058252427184466,
                        "20m": 0.8155339805825242
                  }
            },
            "Nid_de_poule": {
                  "0.3": {
                        "2m": 0.1,
                        "4m": 0.2,
                        "6m": 0.2,
                        "8m": 0.2,
                        "10m": 0.2,
                        "12m": 0.2,
                        "14m": 0.2,
                        "16m": 0.2,
                        "18m": 0.2,
                        "20m": 0.2
                  }
            },
            "Transversale": {
                  "0.3": {
                        "2m": 0.05555555555555555,
                        "4m": 0.09090909090909091,
                        "6m": 0.13131313131313133,
                        "8m": 0.16161616161616163,
                        "10m": 0.18686868686868688,
                        "12m": 0.21212121212121213,
                        "14m": 0.2222222222222222,
                        "16m": 0.23737373737373738,
                        "18m": 0.2474747474747475,
                        "20m": 0.2676767676767677
                  }
            },
            "Longitudinale": {
                  "0.3": {
                        "2m": 0.4201474201474201,
                        "4m": 0.4619164619164619,
                        "6m": 0.5085995085995086,
                        "8m": 0.5405405405405406,
                        "10m": 0.5626535626535627,
                        "12m": 0.5921375921375921,
                        "14m": 0.6216216216216216,
                        "16m": 0.6461916461916462,
                        "18m": 0.6707616707616708,
                        "20m": 0.6805896805896806
                  }
            },
            "Remblaiement_de_tranchees": {
                  "0.3": {
                        "2m": 0.125,
                        "4m": 0.125,
                        "6m": 0.125,
                        "8m": 0.125,
                        "10m": 0.125,
                        "12m": 0.125,
                        "14m": 0.140625,
                        "16m": 0.140625,
                        "18m": 0.140625,
                        "20m": 0.140625
                  }
            },
            "Autre_reparation": {
                  "0.3": {
                        "2m": 0.022727272727272728,
                        "4m": 0.022727272727272728,
                        "6m": 0.022727272727272728,
                        "8m": 0.022727272727272728,
                        "10m": 0.022727272727272728,
                        "12m": 0.030303030303030304,
                        "14m": 0.030303030303030304,
                        "16m": 0.030303030303030304,
                        "18m": 0.030303030303030304,
                        "20m": 0.030303030303030304
                  }
            }
      },
      "ap": {
            "Arrachement_pelade": {
                  "2m": 0.23357591991984106,
                  "4m": 0.25075261108730407,
                  "6m": 0.2817576666629569,
                  "8m": 0.3190490814710554,
                  "10m": 0.3394505931451098,
                  "12m": 0.35579778373334947,