{
      "recall": {
            "Arrachement_pelade": {
                  "0.3": {
                        "2m": 0.90234375,
                        "4m": 0.93359375,
                        "6m": 0.97265625,
                        "8m": 0.98046875,
                        "10m": 0.984375,
                        "12m": 0.98828125,
                        "14m": 0.9921875,
                        "16m": 0.9921875,
                        "18m": 0.99609375,
                        "20m": 1.0
                  }
            },
            "Faiencage": {
                  "0.3": {
                        "2m": 0.7333333333333333,
                        "4m": 0.9333333333333333,
                        "6m": 1.0,
                        "8m": 1.0,
                        "10m": 1.0,
                        "12m": 1.0,
                        "14m": 1.0,
                        "16m": 1.0,
                        "18m": 1.0,
                        "20m": 1.0
                  }
            },
            "Nid_de_poule": {
                  "0.3": {
                        "2m": 0.0,
                        "4m": 0.0,
                        "6m": 0.0,
                        "8m": 0.0,
                        "10m": 0.0,
                        "12m": 0.0,
                        "14m": 0.0,
                        "16m": 0.0,
                        "18m": 0.0,
                        "20m": 0.0
                  }
            },
            "Transversale": {
                  "0.3": {
                        "2m": 1.0,
                        "4m": 1.0,
                        "6m": 1.0,
                        "8m": 1.0,
                        "10m": 1.0,
                        "12m": 1.0,
                        "14m": 1.0,
                        "16m": 1.0,
                        "18m": 1.0,
                        "20m": 1.0
                  }
            },
            "Longitudinale": {
                  "0.3": {
                        "2m": 0.5172413793103449,
                        "4m": 0.7241379310344828,
                        "6m": 0.8275862068965517,
                        "8m": 0.8275862068965517,
                        "10m": 0.8620689655172413,
                        "12m": 0.896551724137931,
                        "14m": 0.896551724137931,
                        "16m": 0.896551724137931,
                        "18m": 0.896551724137931,
                        "20m": 0.896551724137931
                  }
            },
            "Remblaiement_de_tranchees": {
                  "0.3": {
                        "2m": 0.18584070796460178,
                        "4m": 0.35398230088495575,
                        "6m": 0.4336283185840708,
                        "8m": 0.5132743362831859,
                        "10m": 0.5575221238938053,
                        "12m": 0.5929203539823009,
                        "14m": 0.6106194690265486,
                        "16m": 0.6371681415929203,
                        "18m": 0.6637168141592921,
                        "20m": 0.6814159292035398
                  }
            },
            "Autre_reparation": {
                  "0.3": {
                        "2m": 0.34782608695652173,
                        "4m": 0.43478260869565216,
                        "6m": 0.6956521739130435,
                        "8m": 0.8260869565217391,
                        "10m": 0.8695652173913043,
                        "12m": 0.9565217391304348,
                        "14m": 1.0,
                        "16m": 1.0,
                        "18m": 1.0,
                        "20m": 1.0
                  }
            }
      },
      "precision": {
            "Arrachement_pelade": {
                  "0.3": {
                        "2m": 0.5756756756756757,
                        "4m": 0.6108108108108108,
                        "6m": 0.6459459459459459,
                        "8m": 0.672972972972973,
                        "10m": 0.7,
                        "12m": 0.7351351351351352,
                        "14m": 0.754054054054054,
                        "16m": 0.7810810810810811,
                        "18m": 0.8027027027027027,
                        "20m": 0.8081081081081081
                  }
            },
            "Faiencage": {
                  "0.3": {
                        "2m": 0.1956521739130435,
                        "4m": 0.1956521739130435,
                        "6m": 0.2391304347826087,
                        "8m": 0.2391304347826087,
                        "10m": 0.2391304347826087,
                        "12m": 0.2391304347826087,
                        "14m": 0.2391304347826087,
                        "16m": 0.2391304347826087,
                        "18m": 0.2391304347826087,
                        "20m": 0.2391304347826087
                  }
            },
            "Nid_de_poule": {
                  "0.3": {
                        "2m": 0.0,
                        "4m": 0.0,
                        "6m": 0.0,
                        "8m": 0.0,
                        "10m": 0.0,
                        "12m": 0.0,
                        "14m": 0.0,
                        "16m": 0.0,
                        "18m": 0.0,
                        "20m": 0.0
                  }
            },
            "Transversale": {
                  "0.3": {
                        "2m": 0.017241379310344827,
                        "4m": 0.034482758620689655,
                        "6m": 0.034482758620689655,
                        "8m": 0.034482758620689655,
                        "10m": 0.034482758620689655,
                        "12m": 0.034482758620689655,
                        "14m": 0.034482758620689655,
                        "16m": 0.034482758620689655,
                        "18m": 0.034482758620689655,
                        "20m": 0.034482758620689655
                  }
            },
            "Longitudinale": {
                  "0.3": {
                        "2m": 0.234375,
                        "4m": 0.25,
                        "6m": 0.296875,
                        "8m": 0.3125,
                        "10m": 0.375,
                        "12m": 0.421875,
                        "14m": 0.4375,
                        "16m": 0.46875,
                        "18m": 0.484375,
                        "20m": 0.515625
                  }
            },
            "Remblaiement_de_tranchees": {
                  "0.3": {
                        "2m": 0.4418604651162791,
                        "4m": 0.5348837209302325,
                        "6m": 0.5348837209302325,
                        "8m": 0.5348837209302325,
                        "10m": 0.5348837209302325,
                        "12m": 0.5348837209302325,
                        "14m": 0.5348837209302325,
                        "16m": 0.5348837209302325,
                        "18m": 0.5348837209302325,
                        "20m": 0.5581395348837209
                  }
            },
            "Autre_reparation": {
                  "0.3": {
                        "2m": 0.07142857142857142,
                        "4m": 0.09821428571428571,
                        "6m": 0.125,
                        "8m": 0.125,
                        "10m": 0.125,
                        "12m": 0.14285714285714285,
                        "14m": 0.16071428571428573,
                        "16m": 0.16071428571428573,
                        "18m": 0.17857142857142858,
                        "20m": 0.17857142857142858
                  }
            }
      },
      "ap": {
            "Arrachement_pelade": {
                  "2m": 0.6736258035430034,
                  "4m": 0.7030063259951604,
                  "6m": 0.7171615034802247,
                  "8m": 0.7356665221157331,
                  "10m": 0.7544726948978591,
                  "12m": 0.7796370765227313,
                  "14m": 0.7935747299538304,
                  "16m": 0.8078983395658774,