{
      "recall": {
            "Arrachement_pelade": {
                  "0.3": {
                        "2m": 0.8557919621749409,
                        "4m": 0.9408983451536643,
                        "6m": 0.9716312056737588,
                        "8m": 0.9905437352245863,
                        "10m": 0.9952718676122931,
                        "12m": 1.0,
                        "14m": 1.0,
                        "16m": 1.0,
                        "18m": 1.0,
                        "20m": 1.0
                  }
            },
            "Faiencage": {
                  "0.3": {
                        "2m": 0.2222222222222222,
                        "4m": 0.3333333333333333,
                        "6m": 0.7777777777777778,
                        "8m": 0.8888888888888888,
                        "10m": 1.0,
                        "12m": 1.0,
                        "14m": 1.0,
                        "16m": 1.0,
                        "18m": 1.0,
                        "20m": 1.0
                  }
            },
            "Nid_de_poule": {
                  "0.3": {
                        "2m": NaN,
                        "4m": NaN,
                        "6m": NaN,
                        "8m": NaN,
                        "10m": NaN,
                        "12m": NaN,
                        "14m": NaN,
                        "16m": NaN,
                        "18m": NaN,
                        "20m": NaN
                  }
            },
            "Transversale": {
                  "0.3": {
                        "2m": 0.33663366336633666,
                        "4m": 0.5643564356435643,
                        "6m": 0.6732673267326733,
                        "8m": 0.7425742574257426,
                        "10m": 0.801980198019802,
                        "12m": 0.8217821782178217,
                        "14m": 0.8712871287128713,
                        "16m": 0.900990099009901,
                        "18m": 0.9207920792079208,
                        "20m": 0.9207920792079208
                  }
            },
            "Longitudinale": {
                  "0.3": {
                        "2m": 0.6790123456790124,
                        "4m": 0.8148148148148148,
                        "6m": 0.9135802469135802,
                        "8m": 0.9506172839506173,
                        "10m": 0.9876543209876543,
                        "12m": 1.0,
                        "14m": 1.0,
                        "16m": 1.0,
                        "18m": 1.0,
                        "20m": 1.0
                  }
            },
            "Remblaiement_de_tranchees": {
                  "0.3": {
                        "2m": NaN,
                        "4m": NaN,
                        "6m": NaN,
                        "8m": NaN,
                        "10m": NaN,
                        "12m": NaN,
                        "14m": NaN,
                        "16m": NaN,
                        "18m": NaN,
                        "20m": NaN
                  }
            },
            "Autre_reparation": {
                  "0.3": {
                        "2m": NaN,
                        "4m": NaN,
                        "6m": NaN,
                        "8m": NaN,
                        "10m": NaN,
                        "12m": NaN,
                        "14m": NaN,
                        "16m": NaN,
                        "18m": NaN,
                        "20m": NaN
                  }
            }
      },
      "precision": {
            "Arrachement_pelade": {
                  "0.3": {
                        "2m": 0.2896368467670505,
                        "4m": 0.3100088573959256,
                        "6m": 0.32152347209920284,
                        "8m": 0.33392382639503987,
                        "10m": 0.3489813994685562,
                        "12m": 0.3587245349867139,
                        "14m": 0.36581045172719223,
                        "16m": 0.3746678476527901,
                        "18m": 0.3826395039858282,
                        "20m": 0.39238263950398583
                  }
            },
            "Faiencage": {
                  "0.3": {
                        "2m": 0.021739130434782608,
                        "4m": 0.043478260869565216,
                        "6m": 0.06521739130434782,
                        "8m": 0.08695652173913043,
                        "10m": 0.08695652173913043,
                        "12m": 0.08695652173913043,
                        "14m": 0.08695652173913043,
                        "16m": 0.08695652173913043,
                        "18m": 0.08695652173913043,
                        "20m": 0.10869565217391304
                  }
            },
            "Nid_de_poule": {
                  "0.3": {
                        "2m": 0.0,
                        "4m": 0.0,
                        "6m": 0.0,
                        "8m": 0.0,
                        "10m": 0.0,
                        "12m": 0.0,
                        "14m": 0.0,
                        "16m": 0.0,
                        "18m": 0.0,
                        "20m": 0.0
                  }
            },
            "Transversale": {
                  "0.3": {
                        "2m": 0.3563218390804598,
                        "4m": 0.4367816091954023,
                        "6m": 0.47126436781609193,
                        "8m": 0.5287356321839081,
                        "10m": 0.5517241379310345,
                        "12m": 0.5747126436781609,
                        "14m": 0.5862068965517241,
                        "16m": 0.5977011494252874,
                        "18m": 0.6091954022988506,
                        "20m": 0.6091954022988506
                  }
            },
            "Longitudinale": {
                  "0.3": {
                        "2m": 0.26344086021505375,
                        "4m": 0.3118279569892473,
                        "6m": 0.3602150537634409,
                        "8m": 0.3602150537634409,
                        "10m": 0.3978494623655914,
                        "12m": 0.41935483870967744,
                        "14m": 0.43010752688172044,
                        "16m": 0.45161290322580644,
                        "18m": 0.45698924731182794,
                        "20m": 0.46774193548387094
                  }
            },
            "Remblaiement_de_tranchees": {
                  "0.3": {
                        "2m": 0.0,
                        "4m": 0.0,
                        "6m": 0.0,
                        "8m": 0.0,
                        "10m": 0.0,
                        "12m": 0.0,
                        "14m": 0.0,
                        "16m": 0.0,
                        "18m": 0.0,
                        "20m": 0.0
                  }
            },
            "Autre_reparation": {
                  "0.3": {
                        "2m": 0.0,
                        "4m": 0.0,
                        "6m": 0.0,
                        "8m": 0.0,
                        "10m": 0.0,
                        "12m": 0.0,
                        "14m": 0.0,
                        "16m": 0.0,
                        "18m": 0.0,
                        "20m": 0.0
                  }
            }
      },
      "ap": {
            "Arrachement_pelade": {
                  "2m": 0.27738805692564056,
                  "4m": 0.29406927521236614,
                  "6m": 0.3077575573120511,
                  "8m": 0.32268574604036715,
                  "10m": 0.33402521708144756,
                  "12m": 0.3435763220324271,
                  "14m": 0.3506017124144754,
                  "16m": 0.36494328597198594,
                  "18m": 0.3695281514468893,
                  "20m": 0.37657460848190333
            },
            "Faiencage": {
                  "2m": 0.029570534967635113,
                  "4m": 0.04032531178740385,