{
      "recall": {
            "Arrachement_pelade": {
                  "0.3": {
                        "2m": 0.9486373165618449,
                        "4m": 0.9874213836477987,
                        "6m": 0.9958071278825996,
                        "8m": 0.9989517819706499,
                        "10m": 1.0,
                        "12m": 1.0,
                        "14m": 1.0,
                        "16m": 1.0,
                        "18m": 1.0,
                        "20m": 1.0
                  }
            },
            "Faiencage": {
                  "0.3": {
                        "2m": 0.4444444444444444,
                        "4m": 0.5555555555555556,
                        "6m": 0.5925925925925926,
                        "8m": 0.7037037037037037,
                        "10m": 0.8148148148148148,
                        "12m": 0.8518518518518519,
                        "14m": 0.9259259259259259,
                        "16m": 0.9259259259259259,
                        "18m": 0.9629629629629629,
                        "20m": 1.0
                  }
            },
            "Nid_de_poule": {
                  "0.3": {
                        "2m": NaN,
                        "4m": NaN,
                        "6m": NaN,
                        "8m": NaN,
                        "10m": NaN,
                        "12m": NaN,
                        "14m": NaN,
                        "16m": NaN,
                        "18m": NaN,
                        "20m": NaN
                  }
            },
            "Transversale": {
                  "0.3": {
                        "2m": 0.16666666666666666,
                        "4m": 0.3333333333333333,
                        "6m": 0.3333333333333333,
                        "8m": 0.3333333333333333,
                        "10m": 0.3333333333333333,
                        "12m": 0.3333333333333333,
                        "14m": 0.3333333333333333,
                        "16m": 0.3333333333333333,
                        "18m": 0.3333333333333333,
                        "20m": 0.3333333333333333
                  }
            },
            "Longitudinale": {
                  "0.3": {
                        "2m": 0.3181818181818182,
                        "4m": 0.45454545454545453,
                        "6m": 0.6363636363636364,
                        "8m": 0.7727272727272727,
                        "10m": 0.8181818181818182,
                        "12m": 0.9090909090909091,
                        "14m": 0.9545454545454546,
                        "16m": 0.9545454545454546,
                        "18m": 1.0,
                        "20m": 1.0
                  }
            },
            "Remblaiement_de_tranchees": {
                  "0.3": {
                        "2m": NaN,
                        "4m": NaN,
                        "6m": NaN,
                        "8m": NaN,
                        "10m": NaN,
                        "12m": NaN,
                        "14m": NaN,
                        "16m": NaN,
                        "18m": NaN,
                        "20m": NaN
                  }
            },
            "Autre_reparation": {
                  "0.3": {
                        "2m": NaN,
                        "4m": NaN,
                        "6m": NaN,
                        "8m": NaN,
                        "10m": NaN,
                        "12m": NaN,
                        "14m": NaN,
                        "16m": NaN,
                        "18m": NaN,
                        "20m": NaN
                  }
            }
      },
      "precision": {
            "Arrachement_pelade": {
                  "0.3": {
                        "2m": 0.726959517657192,
                        "4m": 0.739879414298019,
                        "6m": 0.7467700258397932,
                        "8m": 0.756244616709733,
                        "10m": 0.7639965546942291,
                        "12m": 0.7674418604651163,
                        "14m": 0.7751937984496124,
                        "16m": 0.7803617571059431,
                        "18m": 0.7829457364341085,
                        "20m": 0.7863910422049957
                  }
            },
            "Faiencage": {
                  "0.3": {
                        "2m": 0.1724137931034483,
                        "4m": 0.1724137931034483,
                        "6m": 0.20689655172413793,
                        "8m": 0.22413793103448276,
                        "10m": 0.2413793103448276,
                        "12m": 0.2413793103448276,
                        "14m": 0.2413793103448276,
                        "16m": 0.27586206896551724,
                        "18m": 0.29310344827586204,
                        "20m": 0.29310344827586204
                  }
            },
            "Nid_de_poule": {
                  "0.3": {
                        "2m": 0.0,
                        "4m": 0.0,
                        "6m": 0.0,
                        "8m": 0.0,
                        "10m": 0.0,
                        "12m": 0.0,
                        "14m": 0.0,
                        "16m": 0.0,
                        "18m": 0.0,
                        "20m": 0.0
                  }
            },
            "Transversale": {
                  "0.3": {
                        "2m": 0.04,
                        "4m": 0.08,
                        "6m": 0.08,
                        "8m": 0.08,
                        "10m": 0.08,
                        "12m": 0.08,
                        "14m": 0.08,
                        "16m": 0.08,
                        "18m": 0.08,
                        "20m": 0.08
                  }
            },
            "Longitudinale": {
                  "0.3": {
                        "2m": 0.07407407407407407,
                        "4m": 0.08641975308641975,
                        "6m": 0.09876543209876543,
                        "8m": 0.12345679012345678,
                        "10m": 0.12345679012345678,
                        "12m": 0.13580246913580246,
                        "14m": 0.13580246913580246,
                        "16m": 0.13580246913580246,
                        "18m": 0.13580246913580246,
                        "20m": 0.13580246913580246
                  }
            },
            "Remblaiement_de_tranchees": {
                  "0.3": {
                        "2m": 0.0,
                        "4m": 0.0,
                        "6m": 0.0,
                        "8m": 0.0,
                        "10m": 0.0,
                        "12m": 0.0,
                        "14m": 0.0,
                        "16m": 0.0,
                        "18m": 0.0,
                        "20m": 0.0
                  }
            },
            "Autre_reparation": {
                  "0.3": {
                        "2m": 0.0,
                        "4m": 0.0,
                        "6m": 0.0,
                        "8m": 0.0,
                        "10m": 0.0,
                        "12m": 0.0,
                        "14m": 0.0,
                        "16m": 0.0,
                        "18m": 0.0,
                        "20m": 0.0
                  }
            }
      },
      "ap": {
            "Arrachement_pelade": {
                  "2m": 0.7915516002431825,
                  "4m": 0.8121086161381706,
                  "6m": 0.8255728786659061,
                  "8m": 0.8345809437767798,
                  "10m": 0.8416428087515927,
                  "12m": 0.846366743980946,
                  "14m": 0.8494763140500734,
                  "16m": 0.8607307541846111,
                  "18m": 0.8639680583083089,
                  "20m": 0.8655381850947209
            },
            "Faiencage": {
                  "2m": 0.16001517544367244,
                  "4m": 0.15408262260723563,
                  "6m": 0.19884117034547588,