{
      "recall": {
            "Arrachement_pelade": {
                  "0.3": {
                        "2m": 0.625,
                        "4m": 0.75,
                        "6m": 0.75,
                        "8m": 0.875,
                        "10m": 1.0,
                        "12m": 1.0,
                        "14m": 1.0,
                        "16m": 1.0,
                        "18m": 1.0,
                        "20m": 1.0
                  }
            },
            "Faiencage": {
                  "0.3": {
                        "2m": NaN,
                        "4m": NaN,
                        "6m": NaN,
                        "8m": NaN,
                        "10m": NaN,
                        "12m": NaN,
                        "14m": NaN,
                        "16m": NaN,
                        "18m": NaN,
                        "20m": NaN
                  }
            },
            "Nid_de_poule": {
                  "0.3": {
                        "2m": NaN,
                        "4m": NaN,
                        "6m": NaN,
                        "8m": NaN,
                        "10m": NaN,
                        "12m": NaN,
                        "14m": NaN,
                        "16m": NaN,
                        "18m": NaN,
                        "20m": NaN
                  }
            },
            "Transversale": {
                  "0.3": {
                        "2m": 0.03436426116838488,
                        "4m": 0.061855670103092786,
                        "6m": 0.0859106529209622,
                        "8m": 0.10996563573883161,
                        "10m": 0.13745704467353953,
                        "12m": 0.14432989690721648,
                        "14m": 0.17869415807560138,
                        "16m": 0.19243986254295534,
                        "18m": 0.20618556701030927,
                        "20m": 0.21993127147766323
                  }
            },
            "Longitudinale": {
                  "0.3": {
                        "2m": 0.4724770642201835,
                        "4m": 0.6135321100917431,
                        "6m": 0.7052752293577982,
                        "8m": 0.7706422018348624,
                        "10m": 0.819954128440367,
                        "12m": 0.8600917431192661,
                        "14m": 0.8841743119266054,
                        "16m": 0.908256880733945,
                        "18m": 0.9277522935779816,
                        "20m": 0.9392201834862385
                  }
            },
            "Remblaiement_de_tranchees": {
                  "0.3": {
                        "2m": 0.07246376811594203,
                        "4m": 0.10144927536231885,
                        "6m": 0.16666666666666666,
                        "8m": 0.21014492753623187,
                        "10m": 0.2318840579710145,
                        "12m": 0.3115942028985507,
                        "14m": 0.34057971014492755,
                        "16m": 0.3695652173913043,
                        "18m": 0.427536231884058,
                        "20m": 0.45652173913043476
                  }
            },
            "Autre_reparation": {
                  "0.3": {
                        "2m": NaN,
                        "4m": NaN,
                        "6m": NaN,
                        "8m": NaN,
                        "10m": NaN,
                        "12m": NaN,
                        "14m": NaN,
                        "16m": NaN,
                        "18m": NaN,
                        "20m": NaN
                  }
            }
      },
      "precision": {
            "Arrachement_pelade": {
                  "0.3": {
                        "2m": 0.04424778761061947,
                        "4m": 0.07079646017699115,
                        "6m": 0.07079646017699115,
                        "8m": 0.07079646017699115,
                        "10m": 0.08849557522123894,
                        "12m": 0.08849557522123894,
                        "14m": 0.08849557522123894,
                        "16m": 0.09734513274336283,
                        "18m": 0.09734513274336283,
                        "20m": 0.10619469026548672
                  }
            },
            "Faiencage": {
                  "0.3": {
                        "2m": 0.0,
                        "4m": 0.0,
                        "6m": 0.0,
                        "8m": 0.0,
                        "10m": 0.0,
                        "12m": 0.0,
                        "14m": 0.0,
                        "16m": 0.0,
                        "18m": 0.0,
                        "20m": 0.0
                  }
            },
            "Nid_de_poule": {
                  "0.3": {
                        "2m": 0.0,
                        "4m": 0.0,
                        "6m": 0.0,
                        "8m": 0.0,
                        "10m": 0.0,
                        "12m": 0.0,
                        "14m": 0.0,
                        "16m": 0.0,
                        "18m": 0.0,
                        "20m": 0.0
                  }
            },
            "Transversale": {
                  "0.3": {
                        "2m": 0.11538461538461539,
                        "4m": 0.23076923076923078,
                        "6m": 0.2692307692307692,
                        "8m": 0.2948717948717949,
                        "10m": 0.3333333333333333,
                        "12m": 0.34615384615384615,
                        "14m": 0.3974358974358974,
                        "16m": 0.3974358974358974,
                        "18m": 0.41025641025641024,
                        "20m": 0.4230769230769231
                  }
            },
            "Longitudinale": {
                  "0.3": {
                        "2m": 0.5654952076677316,
                        "4m": 0.5942492012779552,
                        "6m": 0.610223642172524,
                        "8m": 0.6261980830670927,
                        "10m": 0.6373801916932907,
                        "12m": 0.65814696485623,
                        "14m": 0.6661341853035144,
                        "16m": 0.6789137380191693,
                        "18m": 0.6916932907348243,
                        "20m": 0.7044728434504792
                  }
            },
            "Remblaiement_de_tranchees": {
                  "0.3": {
                        "2m": 0.42857142857142855,
                        "4m": 0.42857142857142855,
                        "6m": 0.5714285714285714,
                        "8m": 0.6428571428571429,
                        "10m": 0.6428571428571429,
                        "12m": 0.6428571428571429,
                        "14m": 0.6428571428571429,
                        "16m": 0.6428571428571429,
                        "18m": 0.6428571428571429,
                        "20m": 0.6428571428571429
                  }
            },
            "Autre_reparation": {
                  "0.3": {
                        "2m": 0.0,
                        "4m": 0.0,
                        "6m": 0.0,
                        "8m": 0.0,
                        "10m": 0.0,
                        "12m": 0.0,
                        "14m": 0.0,
                        "16m": 0.0,
                        "18m": 0.0,
                        "20m": 0.0
                  }
            }
      },
      "ap": {
            "Arrachement_pelade": {
                  "2m": 0.10193393503300362,
                  "4m": 0.09974943561014818,
                  "6m": 0.0917246416032245,
                  "8m": 0.08215599358037495,
                  "10m": 0.12169419427840658,
                  "12m": 0.11206813555910361,
                  "14m": 0.10895871401640043,
                  "16m": 0.10772419621520815,
                  "18m": 0.10702087767291182,
                  "20m": 0.11290469382924594
            },