{
      "recall": {
            "Arrachement_pelade": {
                  "0.3": {
                        "2m": 0.25,
                        "4m": 0.5,
                        "6m": 0.625,
                        "8m": 0.6875,
                        "10m": 0.75,
                        "12m": 0.8125,
                        "14m": 0.8125,
                        "16m": 0.8125,
                        "18m": 0.8125,
                        "20m": 0.8125
                  }
            },
            "Faiencage": {
                  "0.3": {
                        "2m": 0.47368421052631576,
                        "4m": 0.6842105263157895,
                        "6m": 0.8245614035087719,
                        "8m": 0.8771929824561403,
                        "10m": 0.9122807017543859,
                        "12m": 0.9473684210526315,
                        "14m": 0.9473684210526315,
                        "16m": 0.9649122807017544,
                        "18m": 0.9649122807017544,
                        "20m": 0.9649122807017544
                  }
            },
            "Nid_de_poule": {
                  "0.3": {
                        "2m": NaN,
                        "4m": NaN,
                        "6m": NaN,
                        "8m": NaN,
                        "10m": NaN,
                        "12m": NaN,
                        "14m": NaN,
                        "16m": NaN,
                        "18m": NaN,
                        "20m": NaN
                  }
            },
            "Transversale": {
                  "0.3": {
                        "2m": 0.14285714285714285,
                        "4m": 0.5,
                        "6m": 0.6428571428571429,
                        "8m": 0.6428571428571429,
                        "10m": 0.7142857142857143,
                        "12m": 0.8571428571428571,
                        "14m": 0.8571428571428571,
                        "16m": 0.8571428571428571,
                        "18m": 0.8571428571428571,
                        "20m": 0.8571428571428571
                  }
            },
            "Longitudinale": {
                  "0.3": {
                        "2m": 0.7763157894736842,
                        "4m": 0.9342105263157895,
                        "6m": 0.956140350877193,
                        "8m": 0.9824561403508771,
                        "10m": 0.9912280701754386,
                        "12m": 0.9912280701754386,
                        "14m": 1.0,
                        "16m": 1.0,
                        "18m": 1.0,
                        "20m": 1.0
                  }
            },
            "Remblaiement_de_tranchees": {
                  "0.3": {
                        "2m": NaN,
                        "4m": NaN,
                        "6m": NaN,
                        "8m": NaN,
                        "10m": NaN,
                        "12m": NaN,
                        "14m": NaN,
                        "16m": NaN,
                        "18m": NaN,
                        "20m": NaN
                  }
            },
            "Autre_reparation": {
                  "0.3": {
                        "2m": NaN,
                        "4m": NaN,
                        "6m": NaN,
                        "8m": NaN,
                        "10m": NaN,
                        "12m": NaN,
                        "14m": NaN,
                        "16m": NaN,
                        "18m": NaN,
                        "20m": NaN
                  }
            }
      },
      "precision": {
            "Arrachement_pelade": {
                  "0.3": {
                        "2m": 0.12903225806451613,
                        "4m": 0.22580645161290322,
                        "6m": 0.25806451612903225,
                        "8m": 0.2903225806451613,
                        "10m": 0.3548387096774194,
                        "12m": 0.3870967741935484,
                        "14m": 0.3870967741935484,
                        "16m": 0.3870967741935484,
                        "18m": 0.3870967741935484,
                        "20m": 0.3870967741935484
                  }
            },
            "Faiencage": {
                  "0.3": {
                        "2m": 0.34615384615384615,
                        "4m": 0.4358974358974359,
                        "6m": 0.5384615384615384,
                        "8m": 0.5897435897435898,
                        "10m": 0.6282051282051282,
                        "12m": 0.6410256410256411,
                        "14m": 0.6666666666666666,
                        "16m": 0.6794871794871795,
                        "18m": 0.7051282051282052,
                        "20m": 0.717948717948718
                  }
            },
            "Nid_de_poule": {
                  "0.3": {
                        "2m": 0.0,
                        "4m": 0.0,
                        "6m": 0.0,
                        "8m": 0.0,
                        "10m": 0.0,
                        "12m": 0.0,
                        "14m": 0.0,
                        "16m": 0.0,
                        "18m": 0.0,
                        "20m": 0.0
                  }
            },
            "Transversale": {
                  "0.3": {
                        "2m": 0.0273972602739726,
                        "4m": 0.1232876712328767,
                        "6m": 0.1506849315068493,
                        "8m": 0.2054794520547945,
                        "10m": 0.2328767123287671,
                        "12m": 0.273972602739726,
                        "14m": 0.3424657534246575,
                        "16m": 0.3972602739726027,
                        "18m": 0.410958904109589,
                        "20m": 0.4246575342465753
                  }
            },
            "Longitudinale": {
                  "0.3": {
                        "2m": 0.5986159169550173,
                        "4m": 0.6816608996539792,
                        "6m": 0.7024221453287197,
                        "8m": 0.7301038062283737,
                        "10m": 0.7577854671280276,
                        "12m": 0.7681660899653979,
                        "14m": 0.7820069204152249,
                        "16m": 0.7993079584775087,
                        "18m": 0.8027681660899654,
                        "20m": 0.8166089965397924
                  }
            },
            "Remblaiement_de_tranchees": {
                  "0.3": {
                        "2m": 0.0,
                        "4m": 0.0,
                        "6m": 0.0,
                        "8m": 0.0,
                        "10m": 0.0,
                        "12m": 0.0,
                        "14m": 0.0,
                        "16m": 0.0,
                        "18m": 0.0,
                        "20m": 0.0
                  }
            },
            "Autre_reparation": {
                  "0.3": {
                        "2m": 0.0,
                        "4m": 0.0,
                        "6m": 0.0,
                        "8m": 0.0,
                        "10m": 0.0,
                        "12m": 0.0,
                        "14m": 0.0,
                        "16m": 0.0,
                        "18m": 0.0,
                        "20m": 0.0
                  }
            }
      },
      "ap": {
            "Arrachement_pelade": {
                  "2m": 0.1623628518255023,
                  "4m": 0.24887398538876546,
                  "6m": 0.29159518945946794,
                  "8m": 0.33061952966758323,
                  "10m": 0.349267739244262,
                  "12m": 0.33845195294917996,
                  "14m": 0.31386963834450504,
                  "16m": 0.30822421725111177,
                  "18m": 0.3011379681879133,
                  "20m": 0.3047169276838587
            },
            "Faiencage": {
                  "2m": 0.3456196433408561,
                  "4m": 0.44444120417779986,