{
      "recall": {
            "Arrachement_pelade": {
                  "0.3": {
                        "2m": 0.7391304347826086,
                        "4m": 0.782608695652174,
                        "6m": 0.8695652173913043,
                        "8m": 0.9130434782608695,
                        "10m": 0.9130434782608695,
                        "12m": 0.9565217391304348,
                        "14m": 0.9782608695652174,
                        "16m": 0.9782608695652174,
                        "18m": 1.0,
                        "20m": 1.0
                  }
            },
            "Faiencage": {
                  "0.3": {
                        "2m": 0.9,
                        "4m": 1.0,
                        "6m": 1.0,
                        "8m": 1.0,
                        "10m": 1.0,
                        "12m": 1.0,
                        "14m": 1.0,
                        "16m": 1.0,
                        "18m": 1.0,
                        "20m": 1.0
                  }
            },
            "Nid_de_poule": {
                  "0.3": {
                        "2m": NaN,
                        "4m": NaN,
                        "6m": NaN,
                        "8m": NaN,
                        "10m": NaN,
                        "12m": NaN,
                        "14m": NaN,
                        "16m": NaN,
                        "18m": NaN,
                        "20m": NaN
                  }
            },
            "Transversale": {
                  "0.3": {
                        "2m": 0.5,
                        "4m": 0.5,
                        "6m": 0.5,
                        "8m": 1.0,
                        "10m": 1.0,
                        "12m": 1.0,
                        "14m": 1.0,
                        "16m": 1.0,
                        "18m": 1.0,
                        "20m": 1.0
                  }
            },
            "Longitudinale": {
                  "0.3": {
                        "2m": 0.6666666666666666,
                        "4m": 0.9166666666666666,
                        "6m": 1.0,
                        "8m": 1.0,
                        "10m": 1.0,
                        "12m": 1.0,
                        "14m": 1.0,
                        "16m": 1.0,
                        "18m": 1.0,
                        "20m": 1.0
                  }
            },
            "Remblaiement_de_tranchees": {
                  "0.3": {
                        "2m": NaN,
                        "4m": NaN,
                        "6m": NaN,
                        "8m": NaN,
                        "10m": NaN,
                        "12m": NaN,
                        "14m": NaN,
                        "16m": NaN,
                        "18m": NaN,
                        "20m": NaN
                  }
            },
            "Autre_reparation": {
                  "0.3": {
                        "2m": NaN,
                        "4m": NaN,
                        "6m": NaN,
                        "8m": NaN,
                        "10m": NaN,
                        "12m": NaN,
                        "14m": NaN,
                        "16m": NaN,
                        "18m": NaN,
                        "20m": NaN
                  }
            }
      },
      "precision": {
            "Arrachement_pelade": {
                  "0.3": {
                        "2m": 0.2012987012987013,
                        "4m": 0.22077922077922077,
                        "6m": 0.24025974025974026,
                        "8m": 0.24675324675324675,
                        "10m": 0.24675324675324675,
                        "12m": 0.2597402597402597,
                        "14m": 0.2727272727272727,
                        "16m": 0.2792207792207792,
                        "18m": 0.2857142857142857,
                        "20m": 0.3051948051948052
                  }
            },
            "Faiencage": {
                  "0.3": {
                        "2m": 0.43333333333333335,
                        "4m": 0.4666666666666667,
                        "6m": 0.4666666666666667,
                        "8m": 0.4666666666666667,
                        "10m": 0.48333333333333334,
                        "12m": 0.5,
                        "14m": 0.5,
                        "16m": 0.5,
                        "18m": 0.5,
                        "20m": 0.5333333333333333
                  }
            },
            "Nid_de_poule": {
                  "0.3": {
                        "2m": 0.0,
                        "4m": 0.0,
                        "6m": 0.0,
                        "8m": 0.0,
                        "10m": 0.0,
                        "12m": 0.0,
                        "14m": 0.0,
                        "16m": 0.0,
                        "18m": 0.0,
                        "20m": 0.0
                  }
            },
            "Transversale": {
                  "0.3": {
                        "2m": 0.00558659217877095,
                        "4m": 0.0111731843575419,
                        "6m": 0.0111731843575419,
                        "8m": 0.0223463687150838,
                        "10m": 0.027932960893854747,
                        "12m": 0.03910614525139665,
                        "14m": 0.0446927374301676,
                        "16m": 0.0446927374301676,
                        "18m": 0.0446927374301676,
                        "20m": 0.05027932960893855
                  }
            },
            "Longitudinale": {
                  "0.3": {
                        "2m": 0.05202312138728324,
                        "4m": 0.07514450867052024,
                        "6m": 0.09826589595375723,
                        "8m": 0.1329479768786127,
                        "10m": 0.16184971098265896,
                        "12m": 0.17341040462427745,
                        "14m": 0.1907514450867052,
                        "16m": 0.19653179190751446,
                        "18m": 0.20809248554913296,
                        "20m": 0.2138728323699422
                  }
            },
            "Remblaiement_de_tranchees": {
                  "0.3": {
                        "2m": 0.0,
                        "4m": 0.0,
                        "6m": 0.0,
                        "8m": 0.0,
                        "10m": 0.0,
                        "12m": 0.0,
                        "14m": 0.0,
                        "16m": 0.0,
                        "18m": 0.0,
                        "20m": 0.0
                  }
            },
            "Autre_reparation": {
                  "0.3": {
                        "2m": 0.0,
                        "4m": 0.0,
                        "6m": 0.0,
                        "8m": 0.0,
                        "10m": 0.0,
                        "12m": 0.0,
                        "14m": 0.0,
                        "16m": 0.0,
                        "18m": 0.0,
                        "20m": 0.0
                  }
            }
      },
      "ap": {
            "Arrachement_pelade": {
                  "2m": 0.24014844234494143,
                  "4m": 0.25110955768350307,
                  "6m": 0.2573954460212331,
                  "8m": 0.2597812203636394,
                  "10m": 0.2561471798204862,
                  "12m": 0.2693586069162317,
                  "14m": 0.2753622977107671,
                  "16m": 0.27714692385047934,
                  "18m": 0.2802222963930664,
                  "20m": 0.2896563309465033
            },
            "Faiencage": {
                  "2m": 0.5330845792736297,
                  "4m": 0.5257889850054596,
                  "6m": 0.5165460520143668,
                  "8m": 0.5014190664753531,
                  "10m": 0.500395995740182,
                  "12m": 0.5138185087062898,
                  "14m": 0.5070965912627651,
                  "16m": 0.494746470200424,