{
      "recall": {
            "Arrachement_pelade": {
                  "0.0": {
                        "2m": 0.5880959431448031,
                        "4m": 0.6976606455433817,
                        "6m": 0.7678412792419307,
                        "8m": 0.8152206100088836,
                        "10m": 0.8513473497186852,
                        "12m": 0.8818477938999112,
                        "14m": 0.902576251110453,
                        "16m": 0.9203435001480604,
                        "18m": 0.9351495410127332,
                        "20m": 0.9449215279834172
                  }
            },
            "Faiencage": {
                  "0.0": {
                        "2m": 0.6792114695340502,
                        "4m": 0.8136200716845878,
                        "6m": 0.8817204301075269,
                        "8m": 0.9265232974910395,
                        "10m": 0.9480286738351255,
                        "12m": 0.9605734767025089,
                        "14m": 0.9695340501792115,
                        "16m": 0.978494623655914,
                        "18m": 0.982078853046595,
                        "20m": 0.989247311827957
                  }
            },
            "Nid_de_poule": {
                  "0.0": {
                        "2m": 0.2857142857142857,
                        "4m": 0.42857142857142855,
                        "6m": 0.42857142857142855,
                        "8m": 0.42857142857142855,
                        "10m": 0.42857142857142855,
                        "12m": 0.42857142857142855,
                        "14m": 0.42857142857142855,
                        "16m": 0.42857142857142855,
                        "18m": 0.42857142857142855,
                        "20m": 0.42857142857142855
                  }
            },
            "Transversale": {
                  "0.0": {
                        "2m": 0.3362637362637363,
                        "4m": 0.3802197802197802,
                        "6m": 0.4,
                        "8m": 0.4197802197802198,
                        "10m": 0.4461538461538462,
                        "12m": 0.4593406593406593,
                        "14m": 0.4857142857142857,
                        "16m": 0.5032967032967033,
                        "18m": 0.5098901098901099,
                        "20m": 0.5274725274725275
                  }
            },
            "Longitudinale": {
                  "0.0": {
                        "2m": 0.5426309378806333,
                        "4m": 0.6857490864799025,
                        "6m": 0.7582216808769793,
                        "8m": 0.8014616321559074,
                        "10m": 0.8386114494518879,
                        "12m": 0.8696711327649208,
                        "14m": 0.8885505481120585,
                        "16m": 0.9043848964677222,
                        "18m": 0.9171741778319124,
                        "20m": 0.925700365408039
                  }
            },
            "Remblaiement_de_tranchees": {
                  "0.0": {
                        "2m": 0.10509554140127389,
                        "4m": 0.16560509554140126,
                        "6m": 0.2356687898089172,
                        "8m": 0.28343949044585987,
                        "10m": 0.3343949044585987,
                        "12m": 0.3853503184713376,
                        "14m": 0.4267515923566879,
                        "16m": 0.4745222929936306,
                        "18m": 0.5191082802547771,
                        "20m": 0.554140127388535
                  }
            },
            "Autre_reparation": {
                  "0.0": {
                        "2m": 0.023222060957910014,
                        "4m": 0.030478955007256895,
                        "6m": 0.04354136429608128,
                        "8m": 0.05079825834542816,
                        "10m": 0.05370101596516691,
                        "12m": 0.06386066763425254,
                        "14m": 0.07111756168359942,
                        "16m": 0.07402031930333818,
                        "18m": 0.07982583454281568,
                        "20m": 0.0841799709724238
                  }
            }
      },
      "precision": {
            "Arrachement_pelade": {
                  "0.0": {
                        "2m": 0.41579943235572375,
                        "4m": 0.4370860927152318,
                        "6m": 0.45151371807000945,
                        "8m": 0.46570482497634813,
                        "10m": 0.47729422894985807,
                        "12m": 0.4874645222327342,
                        "14m": 0.4990539262062441,
                        "16m": 0.5099337748344371,
                        "18m": 0.5196310312204352,
                        "20m": 0.5281456953642384
                  }
            },
            "Faiencage": {
                  "0.0": {
                        "2m": 0.3609406952965235,
                        "4m": 0.3967280163599182,
                        "6m": 0.4212678936605317,
                        "8m": 0.44171779141104295,
                        "10m": 0.4560327198364008,
                        "12m": 0.46319018404907975,
                        "14m": 0.4734151329243354,
                        "16m": 0.483640081799591,
                        "18m": 0.49284253578732107,
                        "20m": 0.5020449897750511
                  }
            },
            "Nid_de_poule": {
                  "0.0": {
                        "2m": 0.043478260869565216,
                        "4m": 0.06521739130434782,
                        "6m": 0.06521739130434782,
                        "8m": 0.06521739130434782,
                        "10m": 0.06521739130434782,
                        "12m": 0.06521739130434782,
                        "14m": 0.06521739130434782,
                        "16m": 0.06521739130434782,
                        "18m": 0.06521739130434782,
                        "20m": 0.06521739130434782
                  }
            },
            "Transversale": {
                  "0.0": {
                        "2m": 0.14834578441835647,
                        "4m": 0.2006403415154749,
                        "6m": 0.22732123799359658,
                        "8m": 0.2550693703308431,
                        "10m": 0.2753468516542156,
                        "12m": 0.29562433297758806,
                        "14m": 0.3062966915688367,
                        "16m": 0.31696905016008536,
                        "18m": 0.3233724653148346,
                        "20m": 0.33617929562433296
                  }
            },
            "Longitudinale": {
                  "0.0": {
                        "2m": 0.36495031616982837,
                        "4m": 0.4065040650406504,
                        "6m": 0.43586269196025296,
                        "8m": 0.46160794941282746,
                        "10m": 0.4823848238482385,
                        "12m": 0.4995483288166215,
                        "14m": 0.5140018066847335,
                        "16m": 0.526196928635953,
                        "18m": 0.5370370370370371,
                        "20m": 0.5492321589882565
                  }
            },
            "Remblaiement_de_tranchees": {
                  "0.0": {
                        "2m": 0.12972972972972974,
                        "4m": 0.14054054054054055,
                        "6m": 0.15135135135135136,
                        "8m": 0.15135135135135136,
                        "10m": 0.16216216216216217,
                        "12m": 0.16216216216216217,
                        "14m": 0.16216216216216217,
                        "16m": 0.16216216216216217,
                        "18m": 0.16216216216216217,
                        "20m": 0.16216216216216217
                  }
            },
            "Autre_reparation": {
                  "0.0": {
                        "2m": 0.01488095238095238,