{
      "recall": {
            "Arrachement_pelade": {
                  "2m": 0.6058631921824105,
                  "4m": 0.6265916493929523,
                  "6m": 0.6399170861711578,
                  "8m": 0.6544270062185371,
                  "10m": 0.6683446846313296,
                  "12m": 0.6787089132366005,
                  "14m": 0.6899615042937518,
                  "16m": 0.7000296120817293,
                  "18m": 0.7083209949659461,
                  "20m": 0.7166123778501629
            },
            "Faiencage": {
                  "2m": 0.6075268817204301,
                  "4m": 0.6326164874551972,
                  "6m": 0.6684587813620072,
                  "8m": 0.6917562724014337,
                  "10m": 0.7060931899641577,
                  "12m": 0.7168458781362007,
                  "14m": 0.7186379928315412,
                  "16m": 0.7222222222222222,
                  "18m": 0.7258064516129032,
                  "20m": 0.7275985663082437
            },
            "Nid_de_poule": {
                  "2m": 0.2857142857142857,
                  "4m": 0.2857142857142857,
                  "6m": 0.2857142857142857,
                  "8m": 0.2857142857142857,
                  "10m": 0.42857142857142855,
                  "12m": 0.42857142857142855,
                  "14m": 0.42857142857142855,
                  "16m": 0.42857142857142855,
                  "18m": 0.42857142857142855,
                  "20m": 0.42857142857142855
            },
            "Transversale": {
                  "2m": 0.45494505494505494,
                  "4m": 0.7868131868131868,
                  "6m": 0.8637362637362638,
                  "8m": 0.8791208791208791,
                  "10m": 0.8835164835164835,
                  "12m": 0.8901098901098901,
                  "14m": 0.8923076923076924,
                  "16m": 0.8923076923076924,
                  "18m": 0.8967032967032967,
                  "20m": 0.8967032967032967
            },
            "Longitudinale": {
                  "2m": 0.866626065773447,
                  "4m": 0.8824604141291108,
                  "6m": 0.8933577087141986,
                  "8m": 0.9031668696711328,
                  "10m": 0.9110840438489647,
                  "12m": 0.9147381242387332,
                  "14m": 0.9202192448233861,
                  "16m": 0.9238733252131547,
                  "18m": 0.928136419001218,
                  "20m": 0.9293544457978076
            },
            "Remblaiement_de_tranchees": {
                  "2m": 0.3853503184713376,
                  "4m": 0.3885350318471338,
                  "6m": 0.39490445859872614,
                  "8m": 0.40764331210191085,
                  "10m": 0.4171974522292994,
                  "12m": 0.4267515923566879,
                  "14m": 0.43630573248407645,
                  "16m": 0.445859872611465,
                  "18m": 0.4585987261146497,
                  "20m": 0.4681528662420382
            },
            "Autre_reparation": {
                  "2m": 0.8998548621190131,
                  "4m": 0.9129172714078374,
                  "6m": 0.9201741654571843,
                  "8m": 0.9245283018867925,
                  "10m": 0.9288824383164006,
                  "12m": 0.9317851959361393,
                  "14m": 0.9346879535558781,
                  "16m": 0.9361393323657474,
                  "18m": 0.9375907111756169,
                  "20m": 0.9390420899854862
            }
      },
      "precision": {
            "Arrachement_pelade": {
                  "2m": 0.8738255033557047,
                  "4m": 0.8859060402684564,
                  "6m": 0.8939597315436242,
                  "8m": 0.9011185682326622,
                  "10m": 0.905592841163311,
                  "12m": 0.9109619686800895,
                  "14m": 0.9158836689038031,
                  "16m": 0.9203579418344519,
                  "18m": 0.9261744966442953,
                  "20m": 0.9310961968680089
            },
            "Faiencage": {
                  "2m": 0.653179190751445,
                  "4m": 0.6994219653179191,
                  "6m": 0.7341040462427746,
                  "8m": 0.7533718689788054,
                  "10m": 0.7745664739884393,
                  "12m": 0.7861271676300579,
                  "14m": 0.7957610789980732,
                  "16m": 0.8034682080924855,
                  "18m": 0.8092485549132948,
                  "20m": 0.8131021194605009
            },
            "Nid_de_poule": {
                  "2m": 0.07692307692307693,
                  "4m": 0.15384615384615385,
                  "6m": 0.15384615384615385,
                  "8m": 0.15384615384615385,
                  "10m": 0.23076923076923078,
                  "12m": 0.23076923076923078,
                  "14m": 0.23076923076923078,
                  "16m": 0.23076923076923078,
                  "18m": 0.23076923076923078,
                  "20m": 0.23076923076923078
            },
            "Transversale": {
                  "2m": 0.42890995260663506,
                  "4m": 0.6943127962085308,
                  "6m": 0.7772511848341233,
                  "8m": 0.8127962085308057,
                  "10m": 0.8317535545023697,
                  "12m": 0.8388625592417062,
                  "14m": 0.8530805687203792,
                  "16m": 0.8696682464454977,
                  "18m": 0.8791469194312796,
                  "20m": 0.8933649289099526
            },
            "Longitudinale": {
                  "2m": 0.5506058446186742,
                  "4m": 0.5883820384889522,
                  "6m": 0.6211689237348539,
                  "8m": 0.6478973627940128,
                  "10m": 0.6739130434782609,
                  "12m": 0.6963649322879544,
                  "14m": 0.7145402708481825,
                  "16m": 0.7309337134711333,
                  "18m": 0.7469707769066286,
                  "20m": 0.7590876692801141
            },
            "Remblaiement_de_tranchees": {
                  "2m": 0.7682119205298014,
                  "4m": 0.7682119205298014,
                  "6m": 0.7748344370860927,
                  "8m": 0.7814569536423841,
                  "10m": 0.7814569536423841,
                  "12m": 0.7880794701986755,
                  "14m": 0.7947019867549668,
                  "16m": 0.7947019867549668,
                  "18m": 0.7947019867549668,
                  "20m": 0.7947019867549668
            },
            "Autre_reparation": {
                  "2m": 0.4968609865470852,
                  "4m": 0.515695067264574,
                  "6m": 0.5291479820627802,
                  "8m": 0.5408071748878924,
                  "10m": 0.5479820627802691,
                  "12m": 0.5569506726457399,
                  "14m": 0.5650224215246636,
                  "16m": 0.568609865470852,
                  "18m": 0.5748878923766816,
                  "20m": 0.5820627802690583
            }
      }
}